"","State","Year","active_in_state","State_Abb"
"1","Alabama",2002,39,"AL"
"2","Alabama",2003,38,"AL"
"3","Alabama",2004,38,"AL"
"4","Alabama",2005,38,"AL"
"5","Alabama",2006,38,"AL"
"6","Alabama",2007,38,"AL"
"7","Alabama",2008,38,"AL"
"8","Alabama",2009,38,"AL"
"9","Alabama",2010,38,"AL"
"10","Alabama",2011,38,"AL"
"11","Alabama",2012,35,"AL"
"12","Alabama",2013,32,"AL"
"13","Alabama",2014,30,"AL"
"14","Alabama",2015,28,"AL"
"15","Alabama",2016,26,"AL"
"16","Alaska",2002,5,"AK"
"17","Alaska",2003,5,"AK"
"18","Alaska",2004,5,"AK"
"19","Alaska",2005,5,"AK"
"20","Alaska",2006,5,"AK"
"21","Alaska",2007,5,"AK"
"22","Alaska",2008,5,"AK"
"23","Alaska",2009,5,"AK"
"24","Alaska",2010,5,"AK"
"25","Alaska",2011,5,"AK"
"26","Alaska",2012,5,"AK"
"27","Alaska",2013,5,"AK"
"28","Alaska",2014,5,"AK"
"29","Alaska",2015,4,"AK"
"30","Alaska",2016,4,"AK"
"31","Arizona",2002,119,"AZ"
"32","Arizona",2003,119,"AZ"
"33","Arizona",2004,118,"AZ"
"34","Arizona",2005,118,"AZ"
"35","Arizona",2006,117,"AZ"
"36","Arizona",2007,117,"AZ"
"37","Arizona",2008,116,"AZ"
"38","Arizona",2009,115,"AZ"
"39","Arizona",2010,112,"AZ"
"40","Arizona",2011,111,"AZ"
"41","Arizona",2012,110,"AZ"
"42","Arizona",2013,106,"AZ"
"43","Arizona",2014,102,"AZ"
"44","Arizona",2015,97,"AZ"
"45","Arizona",2016,96,"AZ"
"46","Arkansas",2002,78,"AR"
"47","Arkansas",2003,78,"AR"
"48","Arkansas",2004,78,"AR"
"49","Arkansas",2005,78,"AR"
"50","Arkansas",2006,78,"AR"
"51","Arkansas",2007,78,"AR"
"52","Arkansas",2008,78,"AR"
"53","Arkansas",2009,74,"AR"
"54","Arkansas",2010,73,"AR"
"55","Arkansas",2011,70,"AR"
"56","Arkansas",2012,70,"AR"
"57","Arkansas",2013,69,"AR"
"58","Arkansas",2014,66,"AR"
"59","Arkansas",2015,66,"AR"
"60","Arkansas",2016,64,"AR"
"61","California",2002,1636,"CA"
"62","California",2003,1635,"CA"
"63","California",2004,1632,"CA"
"64","California",2005,1628,"CA"
"65","California",2006,1626,"CA"
"66","California",2007,1623,"CA"
"67","California",2008,1618,"CA"
"68","California",2009,1609,"CA"
"69","California",2010,1590,"CA"
"70","California",2011,1573,"CA"
"71","California",2012,1565,"CA"
"72","California",2013,1522,"CA"
"73","California",2014,1469,"CA"
"74","California",2015,1385,"CA"
"75","California",2016,1344,"CA"
"76","Colorado",2002,562,"CO"
"77","Colorado",2003,560,"CO"
"78","Colorado",2004,551,"CO"
"79","Colorado",2005,541,"CO"
"80","Colorado",2006,526,"CO"
"81","Colorado",2007,522,"CO"
"82","Colorado",2008,515,"CO"
"83","Colorado",2009,494,"CO"
"84","Colorado",2010,467,"CO"
"85","Colorado",2011,443,"CO"
"86","Colorado",2012,420,"CO"
"87","Colorado",2013,400,"CO"
"88","Colorado",2014,384,"CO"
"89","Colorado",2015,360,"CO"
"90","Colorado",2016,355,"CO"
"91","Connecticut",2002,111,"CT"
"92","Connecticut",2003,111,"CT"
"93","Connecticut",2004,111,"CT"
"94","Connecticut",2005,111,"CT"
"95","Connecticut",2006,111,"CT"
"96","Connecticut",2007,110,"CT"
"97","Connecticut",2008,110,"CT"
"98","Connecticut",2009,109,"CT"
"99","Connecticut",2010,109,"CT"
"100","Connecticut",2011,109,"CT"
"101","Connecticut",2012,109,"CT"
"102","Connecticut",2013,108,"CT"
"103","Connecticut",2014,106,"CT"
"104","Connecticut",2015,105,"CT"
"105","Connecticut",2016,101,"CT"
"106","Delaware",2002,19,"DE"
"107","Delaware",2003,19,"DE"
"108","Delaware",2004,19,"DE"
"109","Delaware",2005,19,"DE"
"110","Delaware",2006,19,"DE"
"111","Delaware",2007,19,"DE"
"112","Delaware",2008,19,"DE"
"113","Delaware",2009,19,"DE"
"114","Delaware",2010,19,"DE"
"115","Delaware",2011,19,"DE"
"116","Delaware",2012,19,"DE"
"117","Delaware",2013,19,"DE"
"118","Delaware",2014,16,"DE"
"119","Delaware",2015,15,"DE"
"120","Delaware",2016,15,"DE"
"121","District of Columbia",2002,59,NA
"122","District of Columbia",2003,59,NA
"123","District of Columbia",2004,59,NA
"124","District of Columbia",2005,59,NA
"125","District of Columbia",2006,59,NA
"126","District of Columbia",2007,59,NA
"127","District of Columbia",2008,59,NA
"128","District of Columbia",2009,59,NA
"129","District of Columbia",2010,58,NA
"130","District of Columbia",2011,58,NA
"131","District of Columbia",2012,53,NA
"132","District of Columbia",2013,48,NA
"133","District of Columbia",2014,24,NA
"134","District of Columbia",2015,4,NA
"135","District of Columbia",2016,4,NA
"136","Florida",2002,363,"FL"
"137","Florida",2003,363,"FL"
"138","Florida",2004,363,"FL"
"139","Florida",2005,363,"FL"
"140","Florida",2006,363,"FL"
"141","Florida",2007,363,"FL"
"142","Florida",2008,362,"FL"
"143","Florida",2009,361,"FL"
"144","Florida",2010,360,"FL"
"145","Florida",2011,358,"FL"
"146","Florida",2012,355,"FL"
"147","Florida",2013,321,"FL"
"148","Florida",2014,291,"FL"
"149","Florida",2015,258,"FL"
"150","Florida",2016,254,"FL"
"151","Georgia",2002,272,"GA"
"152","Georgia",2003,271,"GA"
"153","Georgia",2004,268,"GA"
"154","Georgia",2005,267,"GA"
"155","Georgia",2006,267,"GA"
"156","Georgia",2007,263,"GA"
"157","Georgia",2008,260,"GA"
"158","Georgia",2009,257,"GA"
"159","Georgia",2010,256,"GA"
"160","Georgia",2011,255,"GA"
"161","Georgia",2012,245,"GA"
"162","Georgia",2013,224,"GA"
"163","Georgia",2014,214,"GA"
"164","Georgia",2015,198,"GA"
"165","Georgia",2016,190,"GA"
"166","Hawaii",2002,107,"HI"
"167","Hawaii",2003,107,"HI"
"168","Hawaii",2004,107,"HI"
"169","Hawaii",2005,107,"HI"
"170","Hawaii",2006,107,"HI"
"171","Hawaii",2007,107,"HI"
"172","Hawaii",2008,107,"HI"
"173","Hawaii",2009,107,"HI"
"174","Hawaii",2010,107,"HI"
"175","Hawaii",2011,106,"HI"
"176","Hawaii",2012,104,"HI"
"177","Hawaii",2013,99,"HI"
"178","Hawaii",2014,96,"HI"
"179","Hawaii",2015,93,"HI"
"180","Hawaii",2016,90,"HI"
"181","Idaho",2002,288,"ID"
"182","Idaho",2003,288,"ID"
"183","Idaho",2004,288,"ID"
"184","Idaho",2005,288,"ID"
"185","Idaho",2006,288,"ID"
"186","Idaho",2007,288,"ID"
"187","Idaho",2008,288,"ID"
"188","Idaho",2009,288,"ID"
"189","Idaho",2010,288,"ID"
"190","Idaho",2011,268,"ID"
"191","Idaho",2012,261,"ID"
"192","Idaho",2013,249,"ID"
"193","Idaho",2014,228,"ID"
"194","Idaho",2015,213,"ID"
"195","Idaho",2016,212,"ID"
"196","Illinois",2002,419,"IL"
"197","Illinois",2003,419,"IL"
"198","Illinois",2004,418,"IL"
"199","Illinois",2005,418,"IL"
"200","Illinois",2006,418,"IL"
"201","Illinois",2007,414,"IL"
"202","Illinois",2008,410,"IL"
"203","Illinois",2009,407,"IL"
"204","Illinois",2010,405,"IL"
"205","Illinois",2011,397,"IL"
"206","Illinois",2012,396,"IL"
"207","Illinois",2013,391,"IL"
"208","Illinois",2014,374,"IL"
"209","Illinois",2015,354,"IL"
"210","Illinois",2016,347,"IL"
"211","Indiana",2002,633,"IN"
"212","Indiana",2003,633,"IN"
"213","Indiana",2004,633,"IN"
"214","Indiana",2005,633,"IN"
"215","Indiana",2006,633,"IN"
"216","Indiana",2007,632,"IN"
"217","Indiana",2008,626,"IN"
"218","Indiana",2009,621,"IN"
"219","Indiana",2010,621,"IN"
"220","Indiana",2011,619,"IN"
"221","Indiana",2012,616,"IN"
"222","Indiana",2013,608,"IN"
"223","Indiana",2014,585,"IN"
"224","Indiana",2015,562,"IN"
"225","Indiana",2016,550,"IN"
"226","Iowa",2002,826,"IA"
"227","Iowa",2003,825,"IA"
"228","Iowa",2004,825,"IA"
"229","Iowa",2005,823,"IA"
"230","Iowa",2006,817,"IA"
"231","Iowa",2007,813,"IA"
"232","Iowa",2008,807,"IA"
"233","Iowa",2009,800,"IA"
"234","Iowa",2010,792,"IA"
"235","Iowa",2011,786,"IA"
"236","Iowa",2012,783,"IA"
"237","Iowa",2013,782,"IA"
"238","Iowa",2014,767,"IA"
"239","Iowa",2015,727,"IA"
"240","Iowa",2016,703,"IA"
"241","Kansas",2002,127,"KS"
"242","Kansas",2003,127,"KS"
"243","Kansas",2004,127,"KS"
"244","Kansas",2005,127,"KS"
"245","Kansas",2006,127,"KS"
"246","Kansas",2007,127,"KS"
"247","Kansas",2008,127,"KS"
"248","Kansas",2009,127,"KS"
"249","Kansas",2010,127,"KS"
"250","Kansas",2011,127,"KS"
"251","Kansas",2012,127,"KS"
"252","Kansas",2013,127,"KS"
"253","Kansas",2014,127,"KS"
"254","Kansas",2015,121,"KS"
"255","Kansas",2016,119,"KS"
"256","Kentucky",2002,187,"KY"
"257","Kentucky",2003,187,"KY"
"258","Kentucky",2004,187,"KY"
"259","Kentucky",2005,187,"KY"
"260","Kentucky",2006,187,"KY"
"261","Kentucky",2007,187,"KY"
"262","Kentucky",2008,187,"KY"
"263","Kentucky",2009,187,"KY"
"264","Kentucky",2010,187,"KY"
"265","Kentucky",2011,187,"KY"
"266","Kentucky",2012,186,"KY"
"267","Kentucky",2013,177,"KY"
"268","Kentucky",2014,162,"KY"
"269","Kentucky",2015,148,"KY"
"270","Kentucky",2016,147,"KY"
"271","Louisiana",2002,33,"LA"
"272","Louisiana",2003,33,"LA"
"273","Louisiana",2004,33,"LA"
"274","Louisiana",2005,33,"LA"
"275","Louisiana",2006,33,"LA"
"276","Louisiana",2007,33,"LA"
"277","Louisiana",2008,33,"LA"
"278","Louisiana",2009,33,"LA"
"279","Louisiana",2010,33,"LA"
"280","Louisiana",2011,33,"LA"
"281","Louisiana",2012,33,"LA"
"282","Louisiana",2013,33,"LA"
"283","Louisiana",2014,31,"LA"
"284","Louisiana",2015,31,"LA"
"285","Louisiana",2016,31,"LA"
"286","Maine",2002,564,"ME"
"287","Maine",2003,555,"ME"
"288","Maine",2004,548,"ME"
"289","Maine",2005,543,"ME"
"290","Maine",2006,538,"ME"
"291","Maine",2007,529,"ME"
"292","Maine",2008,519,"ME"
"293","Maine",2009,493,"ME"
"294","Maine",2010,470,"ME"
"295","Maine",2011,449,"ME"
"296","Maine",2012,429,"ME"
"297","Maine",2013,413,"ME"
"298","Maine",2014,407,"ME"
"299","Maine",2015,403,"ME"
"300","Maine",2016,403,"ME"
"301","Maryland",2002,142,"MD"
"302","Maryland",2003,142,"MD"
"303","Maryland",2004,142,"MD"
"304","Maryland",2005,142,"MD"
"305","Maryland",2006,142,"MD"
"306","Maryland",2007,142,"MD"
"307","Maryland",2008,142,"MD"
"308","Maryland",2009,142,"MD"
"309","Maryland",2010,142,"MD"
"310","Maryland",2011,142,"MD"
"311","Maryland",2012,141,"MD"
"312","Maryland",2013,139,"MD"
"313","Maryland",2014,132,"MD"
"314","Maryland",2015,123,"MD"
"315","Maryland",2016,123,"MD"
"316","Massachusetts",2002,213,"MA"
"317","Massachusetts",2003,213,"MA"
"318","Massachusetts",2004,213,"MA"
"319","Massachusetts",2005,213,"MA"
"320","Massachusetts",2006,213,"MA"
"321","Massachusetts",2007,213,"MA"
"322","Massachusetts",2008,211,"MA"
"323","Massachusetts",2009,210,"MA"
"324","Massachusetts",2010,210,"MA"
"325","Massachusetts",2011,209,"MA"
"326","Massachusetts",2012,208,"MA"
"327","Massachusetts",2013,208,"MA"
"328","Massachusetts",2014,204,"MA"
"329","Massachusetts",2015,198,"MA"
"330","Massachusetts",2016,188,"MA"
"331","Michigan",2002,639,"MI"
"332","Michigan",2003,639,"MI"
"333","Michigan",2004,638,"MI"
"334","Michigan",2005,638,"MI"
"335","Michigan",2006,638,"MI"
"336","Michigan",2007,636,"MI"
"337","Michigan",2008,635,"MI"
"338","Michigan",2009,631,"MI"
"339","Michigan",2010,627,"MI"
"340","Michigan",2011,623,"MI"
"341","Michigan",2012,620,"MI"
"342","Michigan",2013,614,"MI"
"343","Michigan",2014,592,"MI"
"344","Michigan",2015,560,"MI"
"345","Michigan",2016,547,"MI"
"346","Minnesota",2002,864,"MN"
"347","Minnesota",2003,863,"MN"
"348","Minnesota",2004,859,"MN"
"349","Minnesota",2005,853,"MN"
"350","Minnesota",2006,844,"MN"
"351","Minnesota",2007,833,"MN"
"352","Minnesota",2008,822,"MN"
"353","Minnesota",2009,813,"MN"
"354","Minnesota",2010,807,"MN"
"355","Minnesota",2011,793,"MN"
"356","Minnesota",2012,788,"MN"
"357","Minnesota",2013,781,"MN"
"358","Minnesota",2014,730,"MN"
"359","Minnesota",2015,674,"MN"
"360","Minnesota",2016,656,"MN"
"361","Mississippi",2002,36,"MS"
"362","Mississippi",2003,36,"MS"
"363","Mississippi",2004,36,"MS"
"364","Mississippi",2005,36,"MS"
"365","Mississippi",2006,36,"MS"
"366","Mississippi",2007,36,"MS"
"367","Mississippi",2008,36,"MS"
"368","Mississippi",2009,36,"MS"
"369","Mississippi",2010,36,"MS"
"370","Mississippi",2011,36,"MS"
"371","Mississippi",2012,36,"MS"
"372","Mississippi",2013,36,"MS"
"373","Mississippi",2014,34,"MS"
"374","Mississippi",2015,32,"MS"
"375","Mississippi",2016,32,"MS"
"376","Missouri",2002,462,"MO"
"377","Missouri",2003,462,"MO"
"378","Missouri",2004,462,"MO"
"379","Missouri",2005,462,"MO"
"380","Missouri",2006,462,"MO"
"381","Missouri",2007,462,"MO"
"382","Missouri",2008,460,"MO"
"383","Missouri",2009,457,"MO"
"384","Missouri",2010,437,"MO"
"385","Missouri",2011,431,"MO"
"386","Missouri",2012,417,"MO"
"387","Missouri",2013,396,"MO"
"388","Missouri",2014,383,"MO"
"389","Missouri",2015,359,"MO"
"390","Missouri",2016,351,"MO"
"391","Montana",2002,239,"MT"
"392","Montana",2003,239,"MT"
"393","Montana",2004,239,"MT"
"394","Montana",2005,239,"MT"
"395","Montana",2006,239,"MT"
"396","Montana",2007,239,"MT"
"397","Montana",2008,239,"MT"
"398","Montana",2009,238,"MT"
"399","Montana",2010,238,"MT"
"400","Montana",2011,238,"MT"
"401","Montana",2012,238,"MT"
"402","Montana",2013,237,"MT"
"403","Montana",2014,233,"MT"
"404","Montana",2015,216,"MT"
"405","Montana",2016,210,"MT"
"406","Nebraska",2002,248,"NE"
"407","Nebraska",2003,247,"NE"
"408","Nebraska",2004,247,"NE"
"409","Nebraska",2005,247,"NE"
"410","Nebraska",2006,247,"NE"
"411","Nebraska",2007,247,"NE"
"412","Nebraska",2008,246,"NE"
"413","Nebraska",2009,245,"NE"
"414","Nebraska",2010,236,"NE"
"415","Nebraska",2011,224,"NE"
"416","Nebraska",2012,216,"NE"
"417","Nebraska",2013,211,"NE"
"418","Nebraska",2014,207,"NE"
"419","Nebraska",2015,190,"NE"
"420","Nebraska",2016,188,"NE"
"421","Nevada",2002,65,"NV"
"422","Nevada",2003,65,"NV"
"423","Nevada",2004,65,"NV"
"424","Nevada",2005,64,"NV"
"425","Nevada",2006,64,"NV"
"426","Nevada",2007,64,"NV"
"427","Nevada",2008,63,"NV"
"428","Nevada",2009,63,"NV"
"429","Nevada",2010,62,"NV"
"430","Nevada",2011,62,"NV"
"431","Nevada",2012,62,"NV"
"432","Nevada",2013,61,"NV"
"433","Nevada",2014,58,"NV"
"434","Nevada",2015,53,"NV"
"435","Nevada",2016,47,"NV"
"436","New Hampshire",2002,161,"NH"
"437","New Hampshire",2003,161,"NH"
"438","New Hampshire",2004,161,"NH"
"439","New Hampshire",2005,160,"NH"
"440","New Hampshire",2006,160,"NH"
"441","New Hampshire",2007,160,"NH"
"442","New Hampshire",2008,160,"NH"
"443","New Hampshire",2009,160,"NH"
"444","New Hampshire",2010,159,"NH"
"445","New Hampshire",2011,158,"NH"
"446","New Hampshire",2012,157,"NH"
"447","New Hampshire",2013,153,"NH"
"448","New Hampshire",2014,141,"NH"
"449","New Hampshire",2015,133,"NH"
"450","New Hampshire",2016,133,"NH"
"451","New Jersey",2002,176,"NJ"
"452","New Jersey",2003,176,"NJ"
"453","New Jersey",2004,176,"NJ"
"454","New Jersey",2005,176,"NJ"
"455","New Jersey",2006,176,"NJ"
"456","New Jersey",2007,176,"NJ"
"457","New Jersey",2008,176,"NJ"
"458","New Jersey",2009,176,"NJ"
"459","New Jersey",2010,174,"NJ"
"460","New Jersey",2011,173,"NJ"
"461","New Jersey",2012,171,"NJ"
"462","New Jersey",2013,158,"NJ"
"463","New Jersey",2014,151,"NJ"
"464","New Jersey",2015,139,"NJ"
"465","New Jersey",2016,133,"NJ"
"466","New Mexico",2002,80,"NM"
"467","New Mexico",2003,79,"NM"
"468","New Mexico",2004,79,"NM"
"469","New Mexico",2005,79,"NM"
"470","New Mexico",2006,77,"NM"
"471","New Mexico",2007,76,"NM"
"472","New Mexico",2008,74,"NM"
"473","New Mexico",2009,74,"NM"
"474","New Mexico",2010,72,"NM"
"475","New Mexico",2011,68,"NM"
"476","New Mexico",2012,65,"NM"
"477","New Mexico",2013,64,"NM"
"478","New Mexico",2014,63,"NM"
"479","New Mexico",2015,63,"NM"
"480","New Mexico",2016,63,"NM"
"481","New York",2002,1531,"NY"
"482","New York",2003,1531,"NY"
"483","New York",2004,1531,"NY"
"484","New York",2005,1531,"NY"
"485","New York",2006,1530,"NY"
"486","New York",2007,1529,"NY"
"487","New York",2008,1526,"NY"
"488","New York",2009,1524,"NY"
"489","New York",2010,1513,"NY"
"490","New York",2011,1504,"NY"
"491","New York",2012,1462,"NY"
"492","New York",2013,1401,"NY"
"493","New York",2014,1340,"NY"
"494","New York",2015,1280,"NY"
"495","New York",2016,1244,"NY"
"496","North Carolina",2002,513,"NC"
"497","North Carolina",2003,513,"NC"
"498","North Carolina",2004,513,"NC"
"499","North Carolina",2005,512,"NC"
"500","North Carolina",2006,512,"NC"
"501","North Carolina",2007,511,"NC"
"502","North Carolina",2008,509,"NC"
"503","North Carolina",2009,507,"NC"
"504","North Carolina",2010,506,"NC"
"505","North Carolina",2011,501,"NC"
"506","North Carolina",2012,490,"NC"
"507","North Carolina",2013,455,"NC"
"508","North Carolina",2014,426,"NC"
"509","North Carolina",2015,361,"NC"
"510","North Carolina",2016,356,"NC"
"511","North Dakota",2002,141,"ND"
"512","North Dakota",2003,141,"ND"
"513","North Dakota",2004,141,"ND"
"514","North Dakota",2005,141,"ND"
"515","North Dakota",2006,140,"ND"
"516","North Dakota",2007,140,"ND"
"517","North Dakota",2008,140,"ND"
"518","North Dakota",2009,140,"ND"
"519","North Dakota",2010,139,"ND"
"520","North Dakota",2011,138,"ND"
"521","North Dakota",2012,138,"ND"
"522","North Dakota",2013,133,"ND"
"523","North Dakota",2014,130,"ND"
"524","North Dakota",2015,125,"ND"
"525","North Dakota",2016,123,"ND"
"526","Ohio",2002,831,"OH"
"527","Ohio",2003,831,"OH"
"528","Ohio",2004,831,"OH"
"529","Ohio",2005,831,"OH"
"530","Ohio",2006,831,"OH"
"531","Ohio",2007,831,"OH"
"532","Ohio",2008,829,"OH"
"533","Ohio",2009,824,"OH"
"534","Ohio",2010,823,"OH"
"535","Ohio",2011,819,"OH"
"536","Ohio",2012,817,"OH"
"537","Ohio",2013,814,"OH"
"538","Ohio",2014,792,"OH"
"539","Ohio",2015,728,"OH"
"540","Ohio",2016,709,"OH"
"541","Oklahoma",2002,96,"OK"
"542","Oklahoma",2003,96,"OK"
"543","Oklahoma",2004,96,"OK"
"544","Oklahoma",2005,96,"OK"
"545","Oklahoma",2006,96,"OK"
"546","Oklahoma",2007,96,"OK"
"547","Oklahoma",2008,96,"OK"
"548","Oklahoma",2009,96,"OK"
"549","Oklahoma",2010,96,"OK"
"550","Oklahoma",2011,95,"OK"
"551","Oklahoma",2012,95,"OK"
"552","Oklahoma",2013,93,"OK"
"553","Oklahoma",2014,87,"OK"
"554","Oklahoma",2015,83,"OK"
"555","Oklahoma",2016,81,"OK"
"556","Oregon",2002,538,"OR"
"557","Oregon",2003,537,"OR"
"558","Oregon",2004,535,"OR"
"559","Oregon",2005,535,"OR"
"560","Oregon",2006,533,"OR"
"561","Oregon",2007,533,"OR"
"562","Oregon",2008,531,"OR"
"563","Oregon",2009,523,"OR"
"564","Oregon",2010,506,"OR"
"565","Oregon",2011,498,"OR"
"566","Oregon",2012,490,"OR"
"567","Oregon",2013,484,"OR"
"568","Oregon",2014,454,"OR"
"569","Oregon",2015,415,"OR"
"570","Oregon",2016,404,"OR"
"571","Pennsylvania",2002,460,"PA"
"572","Pennsylvania",2003,460,"PA"
"573","Pennsylvania",2004,460,"PA"
"574","Pennsylvania",2005,460,"PA"
"575","Pennsylvania",2006,460,"PA"
"576","Pennsylvania",2007,460,"PA"
"577","Pennsylvania",2008,459,"PA"
"578","Pennsylvania",2009,459,"PA"
"579","Pennsylvania",2010,454,"PA"
"580","Pennsylvania",2011,449,"PA"
"581","Pennsylvania",2012,447,"PA"
"582","Pennsylvania",2013,442,"PA"
"583","Pennsylvania",2014,430,"PA"
"584","Pennsylvania",2015,412,"PA"
"585","Pennsylvania",2016,398,"PA"
"586","Puerto Rico",2002,8,NA
"587","Puerto Rico",2003,8,NA
"588","Puerto Rico",2004,8,NA
"589","Puerto Rico",2005,8,NA
"590","Puerto Rico",2006,8,NA
"591","Puerto Rico",2007,8,NA
"592","Puerto Rico",2008,8,NA
"593","Puerto Rico",2009,8,NA
"594","Puerto Rico",2010,8,NA
"595","Puerto Rico",2011,8,NA
"596","Puerto Rico",2012,8,NA
"597","Puerto Rico",2013,7,NA
"598","Puerto Rico",2014,7,NA
"599","Puerto Rico",2015,6,NA
"600","Puerto Rico",2016,6,NA
"601","Rhode Island",2002,32,"RI"
"602","Rhode Island",2003,32,"RI"
"603","Rhode Island",2004,32,"RI"
"604","Rhode Island",2005,32,"RI"
"605","Rhode Island",2006,32,"RI"
"606","Rhode Island",2007,32,"RI"
"607","Rhode Island",2008,32,"RI"
"608","Rhode Island",2009,32,"RI"
"609","Rhode Island",2010,32,"RI"
"610","Rhode Island",2011,32,"RI"
"611","Rhode Island",2012,32,"RI"
"612","Rhode Island",2013,32,"RI"
"613","Rhode Island",2014,30,"RI"
"614","Rhode Island",2015,28,"RI"
"615","Rhode Island",2016,27,"RI"
"616","South Carolina",2002,105,"SC"
"617","South Carolina",2003,105,"SC"
"618","South Carolina",2004,105,"SC"
"619","South Carolina",2005,105,"SC"
"620","South Carolina",2006,105,"SC"
"621","South Carolina",2007,104,"SC"
"622","South Carolina",2008,101,"SC"
"623","South Carolina",2009,101,"SC"
"624","South Carolina",2010,100,"SC"
"625","South Carolina",2011,95,"SC"
"626","South Carolina",2012,89,"SC"
"627","South Carolina",2013,82,"SC"
"628","South Carolina",2014,78,"SC"
"629","South Carolina",2015,73,"SC"
"630","South Carolina",2016,72,"SC"
"631","South Dakota",2002,100,"SD"
"632","South Dakota",2003,100,"SD"
"633","South Dakota",2004,100,"SD"
"634","South Dakota",2005,99,"SD"
"635","South Dakota",2006,98,"SD"
"636","South Dakota",2007,98,"SD"
"637","South Dakota",2008,98,"SD"
"638","South Dakota",2009,98,"SD"
"639","South Dakota",2010,95,"SD"
"640","South Dakota",2011,93,"SD"
"641","South Dakota",2012,93,"SD"
"642","South Dakota",2013,90,"SD"
"643","South Dakota",2014,86,"SD"
"644","South Dakota",2015,79,"SD"
"645","South Dakota",2016,76,"SD"
"646","Tennessee",2002,90,"TN"
"647","Tennessee",2003,90,"TN"
"648","Tennessee",2004,90,"TN"
"649","Tennessee",2005,90,"TN"
"650","Tennessee",2006,90,"TN"
"651","Tennessee",2007,90,"TN"
"652","Tennessee",2008,89,"TN"
"653","Tennessee",2009,88,"TN"
"654","Tennessee",2010,88,"TN"
"655","Tennessee",2011,87,"TN"
"656","Tennessee",2012,82,"TN"
"657","Tennessee",2013,77,"TN"
"658","Tennessee",2014,70,"TN"
"659","Tennessee",2015,64,"TN"
"660","Tennessee",2016,64,"TN"
"661","Texas",2002,370,"TX"
"662","Texas",2003,370,"TX"
"663","Texas",2004,370,"TX"
"664","Texas",2005,370,"TX"
"665","Texas",2006,370,"TX"
"666","Texas",2007,367,"TX"
"667","Texas",2008,365,"TX"
"668","Texas",2009,364,"TX"
"669","Texas",2010,360,"TX"
"670","Texas",2011,354,"TX"
"671","Texas",2012,345,"TX"
"672","Texas",2013,329,"TX"
"673","Texas",2014,319,"TX"
"674","Texas",2015,305,"TX"
"675","Texas",2016,295,"TX"
"676","Utah",2002,86,"UT"
"677","Utah",2003,86,"UT"
"678","Utah",2004,86,"UT"
"679","Utah",2005,86,"UT"
"680","Utah",2006,86,"UT"
"681","Utah",2007,85,"UT"
"682","Utah",2008,85,"UT"
"683","Utah",2009,85,"UT"
"684","Utah",2010,84,"UT"
"685","Utah",2011,84,"UT"
"686","Utah",2012,84,"UT"
"687","Utah",2013,82,"UT"
"688","Utah",2014,81,"UT"
"689","Utah",2015,75,"UT"
"690","Utah",2016,73,"UT"
"691","Vermont",2002,518,"VT"
"692","Vermont",2003,517,"VT"
"693","Vermont",2004,517,"VT"
"694","Vermont",2005,516,"VT"
"695","Vermont",2006,515,"VT"
"696","Vermont",2007,508,"VT"
"697","Vermont",2008,507,"VT"
"698","Vermont",2009,501,"VT"
"699","Vermont",2010,497,"VT"
"700","Vermont",2011,496,"VT"
"701","Vermont",2012,493,"VT"
"702","Vermont",2013,487,"VT"
"703","Vermont",2014,480,"VT"
"704","Vermont",2015,479,"VT"
"705","Vermont",2016,479,"VT"
"706","Virginia",2002,226,"VA"
"707","Virginia",2003,226,"VA"
"708","Virginia",2004,226,"VA"
"709","Virginia",2005,226,"VA"
"710","Virginia",2006,226,"VA"
"711","Virginia",2007,226,"VA"
"712","Virginia",2008,226,"VA"
"713","Virginia",2009,226,"VA"
"714","Virginia",2010,226,"VA"
"715","Virginia",2011,226,"VA"
"716","Virginia",2012,226,"VA"
"717","Virginia",2013,217,"VA"
"718","Virginia",2014,206,"VA"
"719","Virginia",2015,195,"VA"
"720","Virginia",2016,194,"VA"
"721","Washington",2002,100,"WA"
"722","Washington",2003,100,"WA"
"723","Washington",2004,100,"WA"
"724","Washington",2005,100,"WA"
"725","Washington",2006,100,"WA"
"726","Washington",2007,99,"WA"
"727","Washington",2008,98,"WA"
"728","Washington",2009,96,"WA"
"729","Washington",2010,95,"WA"
"730","Washington",2011,93,"WA"
"731","Washington",2012,92,"WA"
"732","Washington",2013,90,"WA"
"733","Washington",2014,87,"WA"
"734","Washington",2015,81,"WA"
"735","Washington",2016,79,"WA"
"736","West Virginia",2002,20,"WV"
"737","West Virginia",2003,20,"WV"
"738","West Virginia",2004,20,"WV"
"739","West Virginia",2005,20,"WV"
"740","West Virginia",2006,20,"WV"
"741","West Virginia",2007,20,"WV"
"742","West Virginia",2008,20,"WV"
"743","West Virginia",2009,20,"WV"
"744","West Virginia",2010,20,"WV"
"745","West Virginia",2011,20,"WV"
"746","West Virginia",2012,20,"WV"
"747","West Virginia",2013,20,"WV"
"748","West Virginia",2014,19,"WV"
"749","West Virginia",2015,19,"WV"
"750","West Virginia",2016,18,"WV"
"751","Wisconsin",2002,2093,"WI"
"752","Wisconsin",2003,2070,"WI"
"753","Wisconsin",2004,2050,"WI"
"754","Wisconsin",2005,2027,"WI"
"755","Wisconsin",2006,1987,"WI"
"756","Wisconsin",2007,1921,"WI"
"757","Wisconsin",2008,1848,"WI"
"758","Wisconsin",2009,1779,"WI"
"759","Wisconsin",2010,1722,"WI"
"760","Wisconsin",2011,1693,"WI"
"761","Wisconsin",2012,1657,"WI"
"762","Wisconsin",2013,1631,"WI"
"763","Wisconsin",2014,1517,"WI"
"764","Wisconsin",2015,1435,"WI"
"765","Wisconsin",2016,1397,"WI"
"766","Wyoming",2002,77,"WY"
"767","Wyoming",2003,77,"WY"
"768","Wyoming",2004,77,"WY"
"769","Wyoming",2005,77,"WY"
"770","Wyoming",2006,77,"WY"
"771","Wyoming",2007,77,"WY"
"772","Wyoming",2008,77,"WY"
"773","Wyoming",2009,77,"WY"
"774","Wyoming",2010,77,"WY"
"775","Wyoming",2011,75,"WY"
"776","Wyoming",2012,74,"WY"
"777","Wyoming",2013,74,"WY"
"778","Wyoming",2014,73,"WY"
"779","Wyoming",2015,69,"WY"
"780","Wyoming",2016,66,"WY"
